<?xml version="1.0" encoding="utf-8"?>
<rss version="2.0" xmlns:sparkle="http://www.andymatuschak.org/xml-namespaces/sparkle"  xmlns:dc="http://purl.org/dc/elements/1.1/">
	<channel>
		<title>Symbol Swapper</title>
		<link>http://sparkle-project.org/files/sparkletestcast.xml</link>
		<description>Swap the selected symbols and/or symbol instances to another master.</description>
		<language>en</language>
		<item>
			<title>Version 0.15</title>
			<description>
				<![CDATA[
				<ul>
				<li>Fix for non-override instances of symbols not retaining their overrides.</li>
				</ul>
				]]>
			</description>
			<enclosure url="https://github.com/sonburn/symbol-swapper/archive/master.zip" sparkle:version="0.15" />
		</item>
	</channel>
</rss>
